<Tooth name="tooth_haptic_180625_162811"
       description=""
       position="0"
       densityData="urn:moog.com:/lessons/haptic_180625_162811/density_data/density.nrrd"
       colorData="urn:moog.com:/lessons/haptic_180625_162811/color_data/color.nrrd"
       segmentData="urn:moog.com:/lessons/haptic_180625_162811/segment_data/segment.nrrd"
       isoData="urn:moog.com:/lessons/haptic_180625_162811/iso_data/iso.nrrd"
       isoValue="0"
       dataScale="1"
       dataBias="-0"
       lowResVersion=""
>

  <SegmentInfo>

      <Segment name="Empty" segmentId="0" >
        <Color whichChoice="-1" >
          <UniformColor name="Default highlight" color="0.933333 0.439216 0.141176 1" />
        </Color>
      </Segment>

      <Segment name="Target" segmentId="1" >
        <Color whichChoice="-1" >
          <UniformColor name="Default highlight" color="1 0 0 1" />
        </Color>
      </Segment>

      <Segment name="Leeway" segmentId="2" >
        <Color whichChoice="-1" >
          <UniformColor name="Default highlight" color="0 1 0 1" />
        </Color>
      </Segment>

      <Segment name="Container" segmentId="3" >
        <Color whichChoice="-1" >
          <UniformColor name="Default highlight" color="0 1 0 1" />
        </Color>
      </Segment>


  </SegmentInfo>
</Tooth>
