{
  "info": {
    "copyright": "000000000000000000000001",
    "name": "model_170610_164153",
    "description": {
      "en-US" : ""
    },
    "type": "permanent",
    "preview": "screenshot.png",
    "definition": "urn:moog.com:/lessons/model_170610_164153/model_170610_164153.xml",
    "cmeversion": "1.7.0",
    "languages": [
      "en-US" 
    ] 
  },
  "photos" : [],
  "teeth" : [ 
  { 
    "idealPreps" : [],
    "segments" : [
      "Pulp chamber", 
      "Pulp tissue", 
      "Dentine", 
      "Caries", 
      "Enamel", 
      "ADJ Caries"
    ], 
    "position" : 11,
    "x3d" : null, 
    "definition" : null, 
    "description" : { 
      "en-US" : "" 
    }, 
    "photos" : { 
      "intraoral" : [], 
      "xray" : [ ] 
    }
  }
  ]
}