{
  "info": {
    "copyright": "000000000000000000000001",
    "name": "haptic_180625_162811",
    "description": {
      "en-US" : ""
    },
    "type": "permanent",
    "preview": "screenshot.png",
    "definition": "urn:moog.com:/lessons/haptic_180625_162811/haptic_180625_162811.xml",
    "cmeversion": "1.7.0",
    "languages": [
      "en-US" 
    ] 
  },
  "photos" : [],
  "teeth" : [ 
  { 
    "idealPreps" : [],
    "segments" : [
      "Empty", 
      "Target", 
      "Leeway", 
      "Container"
    ], 
    "position" : 11,
    "x3d" : null, 
    "definition" : null, 
    "description" : { 
      "en-US" : "" 
    }, 
    "photos" : { 
      "intraoral" : [], 
      "xray" : [ ] 
    }
  }
  ]
}